Org,Repo,File,Contract,Type
makerdao,osm,osm.sol,OSM,mcd
dapphub,ds-test,test.sol,DSTest,lib
dapphub,ds-value,value.sol,DSValue,lib
dapphub,ds-thing,thing.sol,DSThing,lib
dapphub,ds-note,note.sol,DSNote,lib
dapphub,ds-math,math.sol,DSMath,lib
dapphub,ds-auth,auth.sol,DSAuthority,lib
dapphub,ds-auth,auth.sol,DSAuthEvents,lib
dapphub,ds-auth,auth.sol,DSAuth,lib
dapphub,ds-stop,stop.sol,DSStop,lib
makerdao,dss-proxy-actions,DssProxyActions.sol,DssProxyActions,mcd
makerdao,dss-cdp-manager,DssCdpManager.sol,GetCdps,mcd
makerdao,dss-cdp-manager,DssCdpManager.sol,UrnHandler,mcd
makerdao,dss-cdp-manager,DssCdpManager.sol,DssCdpManager,mcd
makerdao,dss-deploy,token5.sol,Token5,test
makerdao,dss-deploy,token6.sol,Token6,test
makerdao,dss-deploy,token3.sol,Token3,test
makerdao,dss-deploy,join.sol,GemJoin2,mcd
makerdao,dss-deploy,join.sol,GemJoin3,mcd
makerdao,dss-deploy,token4.sol,Token4,test
makerdao,dss-deploy,DssDeploy.sol,VatFab,deploy
makerdao,dss-deploy,DssDeploy.sol,JugFab,deploy
makerdao,dss-deploy,DssDeploy.sol,VowFab,deploy
makerdao,dss-deploy,DssDeploy.sol,CatFab,deploy
makerdao,dss-deploy,DssDeploy.sol,DaiFab,deploy
makerdao,dss-deploy,DssDeploy.sol,DaiJoinFab,deploy
makerdao,dss-deploy,DssDeploy.sol,FlapFab,deploy
makerdao,dss-deploy,DssDeploy.sol,FlopFab,deploy
makerdao,dss-deploy,DssDeploy.sol,FlipFab,deploy
makerdao,dss-deploy,DssDeploy.sol,SpotFab,deploy
makerdao,dss-deploy,DssDeploy.sol,PotFab,deploy
makerdao,dss-deploy,DssDeploy.sol,PauseFab,deploy
makerdao,dss-deploy,DssDeploy.sol,DssDeploy,deploy
makerdao,dss-deploy,poke.sol,Spotter,mcd
makerdao,dss-deploy,token2.sol,Token2,test
makerdao,dss-deploy,plan.sol,Setter,mcd
makerdao,dss-deploy,plan.sol,Plan,mcd
makerdao,dss-deploy,token1.sol,Token1,test
dapphub,ds-weth,weth1.sol,WETH1,lib
dapphub,ds-weth,factory.sol,DSWethFactory,lib
dapphub,ds-weth,weth9.sol,WETH9_,lib
dapphub,ds-weth,weth.sol,WETHEvents,lib
dapphub,ds-weth,weth.sol,WETH,lib
dapphub,erc20,erc20.sol,ERC20Events,lib
dapphub,erc20,erc20.sol,ERC20,lib
dapphub,ds-roles,roles.sol,DSRoles,lib
dapphub,ds-token,token.sol,DSToken,lib
dapphub,ds-token,base.sol,DSTokenBase,lib
dapphub,ds-guard,guard.sol,DSGuardEvents,lib
dapphub,ds-guard,guard.sol,DSGuard,lib
dapphub,ds-guard,guard.sol,DSGuardFactory,lib
makerdao,dsr,dsr.sol,Pot,mcd
makerdao,dss,dai.sol,Dai,mcd
makerdao,dss,flap.sol,Flapper,mcd
makerdao,dss,vat.sol,Vat,mcd
makerdao,dss,flip.sol,Flipper,mcd
makerdao,dss,cat.sol,Flippy,mcd
makerdao,dss,cat.sol,Cat,mcd
makerdao,dss,vow.sol,Fusspot,mcd
makerdao,dss,vow.sol,Hopeful,mcd
makerdao,dss,vow.sol,Vow,mcd
makerdao,dss,flop.sol,Flopper,mcd
makerdao,dss,jug.sol,Jug,mcd
makerdao,dss,lib.sol,DSNote,mcd
dapphub,ds-pause,pause.sol,DSPause,mcd
dapphub,ds-spell,spell.sol,DSSpell,lib
dapphub,ds-spell,spell.sol,DSSpellBook,lib
dapphub,ds-exec,exec.sol,DSExec,lib
dapphub,ds-chief,chief.sol,DSChiefApprovals,mcd
dapphub,ds-chief,chief.sol,DSChief,mcd
dapphub,ds-chief,chief.sol,DSChiefFab,mcd
dapphub,ds-proxy,proxy.sol,DSProxy,lib
dapphub,ds-proxy,proxy.sol,DSProxyFactory,lib
dapphub,ds-proxy,proxy.sol,DSProxyCache,lib
makerdao,testchain-medians,median.sol,MedianETHUSD,test
makerdao,testchain-medians,median.sol,MedianCOL1USD,test
makerdao,testchain-medians,median.sol,MedianCOL2USD,test
makerdao,testchain-medians,median.sol,MedianCOL3USD,test
makerdao,testchain-medians,median.sol,MedianCOL4USD,test
makerdao,testchain-medians,median.sol,MedianCOL5USD,test
makerdao,testchain-medians,median.sol,MedianCOL6USD,test
makerdao,gov-polling-generator,GovPollingGenerator.sol,VoteYes,mcd
makerdao,gov-polling-generator,GovPollingGenerator.sol,VoteNo,mcd
makerdao,gov-polling-generator,GovPollingGenerator.sol,GovPollingGenerator,mcd
makerdao,vote-proxy,VoteProxy.sol,VoteProxy,mcd
makerdao,vote-proxy,VoteProxyFactory.sol,VoteProxyFactory,mcd
makerdao,token-faucet,TokenFaucet.sol,TokenFaucet,test
makerdao,testchain-pause-proxy-actions,TestchainPauseProxyActions.sol,ActionChangeDelay,test
makerdao,testchain-pause-proxy-actions,TestchainPauseProxyActions.sol,TestchainPauseProxyActions,test
makerdao,multicall,MultiCall.sol,MultiCall,mcd
makerdao,proxy-registry,ProxyRegistry.sol,ProxyRegistry,mcd
makerdao,line-spell,LineSpell.sol,LineSpell,mcd
makerdao,line-spell,LineSpell.sol,MultiLineSpell,mcd
